Link,Title
https://news.google.com/read/CBMihgFBVV95cUxQMU9zeU03Ukw2Y2dyWGdLblg4VmNxUzd0TkhHMkFiVDNRaXpDcEpLRzhXcW13TTU1SHhxNXgza010QmFVamZIZDIxcTYwMjY4MVMxblY1dUpXRV9BVHJiaXZJbkFIOHFpY3RqVVktRTBNZ1RMb2JiX3A1QjhvRTJLVXYtVEVidw?hl=en-US&gl=US&ceid=US%3Aen,Trump’s Executive Orders: Reversing Biden’s Policies and Attacking the ‘Deep State’
https://news.google.com/read/CBMiuAFBVV95cUxObkJXRWpDOUNOTnBldUZ3LTdiWG1XOURnVDd5SVlWRjg2NmoxbkdVRl9MQnF5REFkQk5TN2thNktFVU1oNHpIR1M4WnlHQ25JekRDRXdYX3BLSUlCREhXMV9VSWhzMHpWSUhqcHVURVUzZWw3VWs5WjBuMU1oQUwwU1ZJanRvNUd3enhQdGtmRlJIWXY2MXgwNVVvY3BlNnBnLTFQTkx0TDllRzBGaXlrU1pIM0hhMjd6?hl=en-US&gl=US&ceid=US%3Aen,Trump said he'd quickly end Russia's war on Ukraine. But it's proving tough.
https://news.google.com/read/CBMiuwFBVV95cUxNRHFFWUg4M05CSUxYa1Q2MVR2TzZNOGYzbWxQaWtPaUZjVlF6bVhXck95a0FWa285NnZQUzc0bGtVZGZsak9jYnU4S2otSDN1VDNoWEd6U09PVlJaSjV3dGRnM19idTdTU3hwUWxhd1cxQktVNWdmWVgxMC1EUUZMNk1Oa3NpdHhHM056dEF1VnBxaV9QNWx5LVhpa19Kb0hqNzlCM3NGR2V5YWNtbmFmMGtCaGNURmExYlBZ?hl=en-US&gl=US&ceid=US%3Aen,Trump to visit disaster zones in North Carolina and California on first trip of second term
https://news.google.com/read/CBMikwJBVV95cUxQWmFRdUFqYm5LblhDcVRyc3FPNGJISFpRX3ZjeHVndnl6SXpyQ0FzLU1YNE56R2ZJaUJtVzJRRU52XzQ1NmhUVWUwdEVSSTFObXc1VGwycTI4bzFWc2N2V0RKRDk1Rk9tdUVnVGRFb0xacDNLdW1XNFM5MVVIeXBsaEI1ZDJEbGtYV0hmWThLdmdlWWR5TUVQZU9pVUdZUGdXekoweFBEcFdjeG10MUcyU0ZoeEN4MndVS181U25kSm5Hd1lERTZoM1YzU0w4OHhaY2hYQWdkY2hfRngtVDRoeFNJY3ZoNURvNE5mbXZ6WnBYM3ZsWUhRa2UtS3pDcVRtR2I0VmZGaTNyZ1FUTXBQZENCUdIBmAJBVV95cUxPWmItTVlPVFNMbTM1TnhrMW83WkRCY0lpaGJyVTJvS2NHWWxZa1hvc3VGS1hJNXRmYXZuc1R3dEZTVFM2TF9ILUNUVXNaeG13eXNud1VncnVQTy1FZnZJQXBaN1JqclFONTFSYm91SEZHcFdNZ012RzBQaHJWc1pLVldYR3hjRTZiREhONkl6U2JkSDM5amNKaVhMeEFfSlBIRktPNVBUQXctbm9UaGlxdWFfWnlYNXJFVUNtRXBtSllDX3pSbkJqZTlSREVQNUdfTFpuZC1VODhOMkVzZm1jdjlDbkM1OHZRYXRkMUxzNkpNUW5ZUUlwTl9FbVFSZFJTYUlRZ2oxbDdxY0Zyb2psU3F1aFZ5elJC?hl=en-US&gl=US&ceid=US%3Aen,"Donald Trump news LIVE: Post US exit, ordered by Trump, WHO to cut costs, ‘reset’ priorities, report says"
https://news.google.com/read/CBMikwFBVV95cUxQVGx0OW42NTI1aThxWnRFYWJ4a28tUG9mWE83MnNYTjZ1MkxWRVpaUXdQVXZ2YmJVT0QyRGtCMHpvcXdNMER4WVJiOENIZkRvLUMyd0hlTTJVZDJfOThFSUdNcEVwY0ZrT1lnYXZpVHB0UEVrVl8zMElmdmpCNVc0MTNhUEszNGgxSHhGdkIzSTNYXzA?hl=en-US&gl=US&ceid=US%3Aen,Trump vows ‘big discussion’ on FEMA ahead of disaster tour
https://news.google.com/read/CBMiX0FVX3lxTE9MMk4wRHhlNXVaeXg4ZXpzNXg4MnZ3X0NVTzh1MVItc1h2b1F3VWVPWTZaNW83ZWhmMl9WdWhibGhNdTNkU3BMdHpnWFl2YjM5VV84Y2M3aE5DU0F2Q3pF?hl=en-US&gl=US&ceid=US%3Aen,Project 1897: The imperial presidency
https://news.google.com/read/CBMirAFBVV95cUxOMnVqVEt6RVhKQ1VSdFNzRVZSa1dUaGt4YXNyQXVSdlFUU2l2c2tQWjJrcHVSLVM5M0cxc214SjNVR2JfcXZzUWpRYy1jWjFxdXZ6MDl3c0JWTW5TSXNzWU9yRE9UcEpPVjRhX0NHWUJZTHZfOG1DMk9WMHZtYy1Xb3h1em94RHBqemhFdS10U3BmRUxUTU5uZGtETEltNVF0TmxLazlsZXh3N3hI?hl=en-US&gl=US&ceid=US%3Aen,How will Trump try to fix inflation? Experts say he'll focus on these areas.
https://news.google.com/read/CBMikwJBVV95cUxQWmFRdUFqYm5LblhDcVRyc3FPNGJISFpRX3ZjeHVndnl6SXpyQ0FzLU1YNE56R2ZJaUJtVzJRRU52XzQ1NmhUVWUwdEVSSTFObXc1VGwycTI4bzFWc2N2V0RKRDk1Rk9tdUVnVGRFb0xacDNLdW1XNFM5MVVIeXBsaEI1ZDJEbGtYV0hmWThLdmdlWWR5TUVQZU9pVUdZUGdXekoweFBEcFdjeG10MUcyU0ZoeEN4MndVS181U25kSm5Hd1lERTZoM1YzU0w4OHhaY2hYQWdkY2hfRngtVDRoeFNJY3ZoNURvNE5mbXZ6WnBYM3ZsWUhRa2UtS3pDcVRtR2I0VmZGaTNyZ1FUTXBQZENCUdIBmAJBVV95cUxPWmItTVlPVFNMbTM1TnhrMW83WkRCY0lpaGJyVTJvS2NHWWxZa1hvc3VGS1hJNXRmYXZuc1R3dEZTVFM2TF9ILUNUVXNaeG13eXNud1VncnVQTy1FZnZJQXBaN1JqclFONTFSYm91SEZHcFdNZ012RzBQaHJWc1pLVldYR3hjRTZiREhONkl6U2JkSDM5amNKaVhMeEFfSlBIRktPNVBUQXctbm9UaGlxdWFfWnlYNXJFVUNtRXBtSllDX3pSbkJqZTlSREVQNUdfTFpuZC1VODhOMkVzZm1jdjlDbkM1OHZRYXRkMUxzNkpNUW5ZUUlwTl9FbVFSZFJTYUlRZ2oxbDdxY0Zyb2psU3F1aFZ5elJC?hl=en-US&gl=US&ceid=US%3Aen,"Donald Trump news LIVE: Post US exit, ordered by Trump, WHO to cut costs, ‘reset’ priorities, report says"
https://news.google.com/read/CBMipwFBVV95cUxQU0VtTUtFNS1KR241Mm5HRUJTN1pKeW5qR3FhaExkUUJfWTBoVTFxQmJYa3hkN3p0TXVyTDdDaXVTcTNzX2ZWZWZNR0ZxNTRySUhJSUpIUGxpTk9nSmtza2Z2enZ6MW5EdG55TTFmcUdsdHhIZ01weUo4T0VDbDVYejI3Nl9xRUNKY1FVWlJwWm5mYzJsNzBOMGZrbng5UWVQN1dnUUw5QQ?hl=en-US&gl=US&ceid=US%3Aen,"Trump won’t deliver on maximum tariff pledges, says his former commerce secretary—merely making the threat is enough"
https://news.google.com/read/CBMiZ0FVX3lxTE1TZVdMXzJ5UWtLWVBXVVl1ZUJ2Vjc0NzZ4NndZQXNBUl80Qk0tNkhKczcwbXdsaU8tRkt4UkRWT3RFaHYtNzRVMUtCMUtGNHdEdno2M2dhVzJ2V0Q3bXBmNV9HLU9YTW_SAWdBVV95cUxNYjRxeTFscmJRbmU5WE5FcmViWkI4dlpENW9GRlFJeTRSSVd4RGxXWlNaM3ROd1hSMkRIN3YyNzR0aWo0X29CbnZLazB4YXF0WVd2OEgxSXpKeDh2U19lMk5yTGV5ZkVr?hl=en-US&gl=US&ceid=US%3Aen,This site can’t be reached
https://news.google.com/read/CBMirAFBVV95cUxOMnVqVEt6RVhKQ1VSdFNzRVZSa1dUaGt4YXNyQXVSdlFUU2l2c2tQWjJrcHVSLVM5M0cxc214SjNVR2JfcXZzUWpRYy1jWjFxdXZ6MDl3c0JWTW5TSXNzWU9yRE9UcEpPVjRhX0NHWUJZTHZfOG1DMk9WMHZtYy1Xb3h1em94RHBqemhFdS10U3BmRUxUTU5uZGtETEltNVF0TmxLazlsZXh3N3hI?hl=en-US&gl=US&ceid=US%3Aen,How will Trump try to fix inflation? Experts say he'll focus on these areas.
https://news.google.com/read/CBMihgFBVV95cUxQMU9zeU03Ukw2Y2dyWGdLblg4VmNxUzd0TkhHMkFiVDNRaXpDcEpLRzhXcW13TTU1SHhxNXgza010QmFVamZIZDIxcTYwMjY4MVMxblY1dUpXRV9BVHJiaXZJbkFIOHFpY3RqVVktRTBNZ1RMb2JiX3A1QjhvRTJLVXYtVEVidw?hl=en-US&gl=US&ceid=US%3Aen,Trump’s Executive Orders: Reversing Biden’s Policies and Attacking the ‘Deep State’
https://news.google.com/read/CBMikwJBVV95cUxQWmFRdUFqYm5LblhDcVRyc3FPNGJISFpRX3ZjeHVndnl6SXpyQ0FzLU1YNE56R2ZJaUJtVzJRRU52XzQ1NmhUVWUwdEVSSTFObXc1VGwycTI4bzFWc2N2V0RKRDk1Rk9tdUVnVGRFb0xacDNLdW1XNFM5MVVIeXBsaEI1ZDJEbGtYV0hmWThLdmdlWWR5TUVQZU9pVUdZUGdXekoweFBEcFdjeG10MUcyU0ZoeEN4MndVS181U25kSm5Hd1lERTZoM1YzU0w4OHhaY2hYQWdkY2hfRngtVDRoeFNJY3ZoNURvNE5mbXZ6WnBYM3ZsWUhRa2UtS3pDcVRtR2I0VmZGaTNyZ1FUTXBQZENCUdIBmAJBVV95cUxPWmItTVlPVFNMbTM1TnhrMW83WkRCY0lpaGJyVTJvS2NHWWxZa1hvc3VGS1hJNXRmYXZuc1R3dEZTVFM2TF9ILUNUVXNaeG13eXNud1VncnVQTy1FZnZJQXBaN1JqclFONTFSYm91SEZHcFdNZ012RzBQaHJWc1pLVldYR3hjRTZiREhONkl6U2JkSDM5amNKaVhMeEFfSlBIRktPNVBUQXctbm9UaGlxdWFfWnlYNXJFVUNtRXBtSllDX3pSbkJqZTlSREVQNUdfTFpuZC1VODhOMkVzZm1jdjlDbkM1OHZRYXRkMUxzNkpNUW5ZUUlwTl9FbVFSZFJTYUlRZ2oxbDdxY0Zyb2psU3F1aFZ5elJC?hl=en-US&gl=US&ceid=US%3Aen,"Donald Trump news LIVE: Post US exit, ordered by Trump, WHO to cut costs, ‘reset’ priorities, report says"
https://news.google.com/read/CBMikwFBVV95cUxPVXpEdFZyRk9XN3ZlSTUzWDE4OGJCb2VkMVUzLTJMcVk3MDR2VW9CSktRM1R1cjJKY3FXdUZaVDJIY0E5QWpsN0xjM1FCalVSdlRWR1lnRk1MOVJycHJvYzlrajVLR1JrN0RhWnFFXzdPVUFENzU1MkZPRU80Yk5xdGJ1R1RhcDdSWDhqOHZoRHdJNVU?hl=en-US&gl=US&ceid=US%3Aen,This site can’t be reached
https://news.google.com/read/CBMiX0FVX3lxTE9MMk4wRHhlNXVaeXg4ZXpzNXg4MnZ3X0NVTzh1MVItc1h2b1F3VWVPWTZaNW83ZWhmMl9WdWhibGhNdTNkU3BMdHpnWFl2YjM5VV84Y2M3aE5DU0F2Q3pF?hl=en-US&gl=US&ceid=US%3Aen,Project 1897: The imperial presidency
